Model,Accuracy,Precision,Recall,F1
LogisticRegression,0.7557638712946542,0.7286184210526315,0.739154616240267,0.7338487023743788
RandomForest,0.899417278946035,0.8911222780569514,0.8876529477196885,0.8893842295904151
