Cluster,Appliances,lights,T1,RH_1,T2,RH_2,T3,RH_3,T4,RH_4,T5,RH_5,T6,RH_6,T7,RH_7,T8,RH_8,T9,RH_9,T_out,Press_mm_hg,RH_out,Windspeed,Visibility,Tdewpoint,rv1,rv2
0,0.07578518609237662,0.05286940804337999,0.4435218980272141,0.29644093348322514,0.20814366873036025,0.52940569674757,0.34854726972664707,0.4015397484565281,0.4529340730077856,0.36148817591689003,0.33348454693394913,0.29172371966977173,0.294587219408122,0.5873851104994843,0.4046283999391103,0.31497987201424,0.49537283805484145,0.36000790588783177,0.410730312861331,0.4108051431081773,0.28543951772847687,0.6423803406228893,0.766160982551272,0.2306325716007146,0.5803955646703048,0.33946210483915473,0.5028427123342514,0.5028427123342514
1,0.09164603526979138,0.03332867848996926,0.6908150695450145,0.3917088118729879,0.47391663721470795,0.5540936108982968,0.6029496443781137,0.47158669378905155,0.7186214481599771,0.4984576045710395,0.5985970196077168,0.3009560640343782,0.5974773245602052,0.20783161824184193,0.6803177357439412,0.4538210792841368,0.691844784420614,0.44043361867186737,0.7160297462830248,0.5181104910053183,0.5831367996599817,0.5852124015852469,0.5997982084569524,0.26830517153097777,0.553986933019191,0.6223336365651357,0.4946702117169587,0.4946702117169587
2,0.08094107914873498,0.0841487279843442,0.4294895347332048,0.45531947214556473,0.28092066615764244,0.6295828065247672,0.32095588486158927,0.6771866085016165,0.3819387722812394,0.6986035348663177,0.2974348464967404,0.3881392019294928,0.3695222340721292,0.8898252481851445,0.27693172697313306,0.6229343541486825,0.35975788946073295,0.6595017463814383,0.2965587962135456,0.6956013389475224,0.3730273983896854,0.5809420769312474,0.8457642393655375,0.42280094334888785,0.589290211018346,0.5115212170626539,0.5005186734951688,0.5005186734951688
