Cluster,Appliances,lights,T1,RH_1,T2,RH_2,T3,RH_3,T4,RH_4,T5,RH_5,T6,RH_6,T7,RH_7,T8,RH_8,T9,RH_9,T_out,Press_mm_hg,RH_out,Windspeed,Visibility,Tdewpoint,rv1,rv2
0,0.09203830709640722,0.03240086909288474,0.711202342665719,0.39852487196381725,0.4959265421723572,0.5540622640056992,0.620054581600421,0.47939130495856974,0.7403681255263936,0.5094627768197835,0.6184964654592443,0.30132804039783034,0.6176457229925731,0.19579907472896613,0.7037826430911194,0.4681775637776625,0.7054761579904847,0.4512664013519178,0.7386478868066253,0.5288262797819974,0.6025874259818482,0.5813665738202632,0.5929701570942569,0.2626459804454099,0.5535536706639366,0.641951622708165,0.49970348692083755,0.49970348692083755
1,0.07744351709679852,0.05408673665695578,0.4556929450065441,0.30877978679590423,0.2237820942840042,0.537052073875112,0.3617175703042478,0.417212326078209,0.461490258563278,0.38322574751450356,0.3466945998097094,0.2961392129130131,0.30988397516278465,0.5839842593346519,0.4124049366581988,0.33650185512171216,0.5030081090602202,0.3776862922314725,0.42199640626321716,0.4265337807693891,0.301051948219762,0.625070694410536,0.7670646934445258,0.2446070963976201,0.5785267509199792,0.3613508213439179,0.7683860409423651,0.7683860409423651
2,0.07867612903688644,0.05548701921758888,0.4600882617924137,0.3073328375747913,0.22748110102723884,0.5346844919060685,0.36503193607939627,0.41396599072092044,0.4664704445310107,0.3797760819791507,0.3487241713511537,0.2978040565004277,0.31633970863287747,0.5673239442628639,0.41671361306073007,0.3284937282311442,0.5074657207747438,0.36830193519633747,0.4254352801542503,0.421805309097067,0.3071062740666244,0.6305861206371324,0.7530002583539384,0.24940650794956237,0.5809052841868042,0.36045351028926464,0.23639488284695043,0.23639488284695043
3,0.07889450239276238,0.08144192256341762,0.41738081597326165,0.46387239323747853,0.27721585842972124,0.6351429297264933,0.31119148399211827,0.6922859627327176,0.37103545174950436,0.719012562264689,0.2865003608955187,0.39231508634459367,0.3739166890065096,0.9039955452284093,0.25935309928105127,0.64093646727642,0.3366429468382204,0.6796387895889173,0.2809095796665311,0.7182639901851481,0.37904835487763816,0.6005569918057498,0.847678329493187,0.4284221066685404,0.5873693039211978,0.5210723662880719,0.4938627246184416,0.4938627246184416
