Cluster,Sub1,Sub2,Sub3
0,0.022164416086550176,0.006229132822186512,0.5766590652729477
1,0.007271740665892019,0.010737953867144967,0.013397551503930683
2,0.0423990595812464,0.47036353718798396,0.5382602629416631
