,Full,Sample1%
count,2049280.0,20486.0
mean,1.0916150365006245,1.0974987796543982
std,1.0572941610939828,1.0492844435002888
min,0.076,0.078
25%,0.308,0.308
50%,0.602,0.608
75%,1.528,1.542
max,11.122,7.878
