RMSE,MAE,R2
91.17482597600878,52.54769287614645,0.1693041650547401
