Lag,Autocorrelation
1h,0.713343387922962
24h,0.43518623866070305
48h,0.39901794239080834
