Component,ExplainedVariance
PC1,0.6085709350531856
PC2,0.2243355583002102
