Component,ExplainedVariance
PC1,0.3608966829399199
PC2,0.20905616729513338
