Model,RMSE,MAE,R2
Linear,0.9719474182830176,0.7328378974443832,0.15949351625644792
PolynomialDegree2,0.9674286520003488,0.7293931294373618,0.16729069408332153
