RMSE,MAE,R2
68.39699163454999,32.89285533316443,0.5325166503748122
